<?xml version="1.0" encoding="UTF-8"?>

<component name="AlarmsController" extends="Node">

	<interface>

		<function name="startAlarmsCheckTimer" />
		<function name="stopAlarmsCheckTimer" />
		<function name="setAlarmActive" />
		<function name="setAlarmTime" />
		<function name="setAlarmSound" />
		<function name="setRepeatDay" />
		<function name="setSnoozeDelay" />
		<function name="stopAlarm" />
		<function name="snoozeAlarm" />
		<function name="getAlarmById" />

	</interface>

	<script type="text/brightscript" uri="AlarmsController__lib0.brs" />
	<script type="text/brightscript" uri="AlarmsControllerConstants__lib0.brs" />

	<script type="text/brightscript" uri="pkg:/source/LibConstants__lib0.brs" />
	<script type="text/brightscript" uri="pkg:/source/Helpers__lib0.brs" />
	<script type="text/brightscript" uri="pkg:/source/imports/Utils/Utils__lib0.brs" />
	<script type="text/brightscript" uri="pkg:/source/imports/Utils/DeviceUtils__lib0.brs" />
	<script type="text/brightscript" uri="pkg:/source/imports/Utils/RegistryUtils__lib0.brs" />
	<script type="text/brightscript" uri="pkg:/source/ScreensaverStateStorage__lib0.brs" />

</component>
