<?xml version = "1.0" encoding = "utf-8" ?>
<component name = "InfoButton" extends = "Group">

  <interface>

    <field id="text" type="string" onChange="setText"/>
    <field id="itemSelected" type="bool" value="false"  alwaysNotify="true" />

  </interface>

  <script type="text/brightscript" uri="InfoButton__lib0.brs" />
  <script type="text/brightscript" uri="InfoButtonConstants__lib0.brs" />
  <script type="text/brightscript" uri="pkg:/source/imports/Utils/Utils__lib0.brs"/>

  <children>

    <Rectangle id = "cursorRect" />
    <Poster id = "icon" />
    <Roboto400 id = "text" />

  </children>

</component>
