<?xml version = "1.0" encoding = "utf-8" ?>

<component name = "BtnContentNode" extends = "ContentNode">

  <interface>
    <field id="snooze" type="boolean" />
    <field id="toggle" type="boolean" value="false" />
    <field id="active" type="boolean" value="false" />
    <field id="comingSoon" type="boolean" value="false" />
    <field id="isNew" type="boolean" value="false" />
    <field id="isSelected" type="boolean" value="false" />
    <field id="isFree" type="boolean" value="true" />
    <field id="isPurchased" type="boolean" value="false" />
    <field id="isDropdownHead" type="boolean" value="false" />
    <field id="isOpen" type="boolean" value="false" />
    <field id="disabled" type="boolean" value="false" />
    <field id="blendColor" type="string" value="#eeeeee" />
    <field id="category" type="string" value=""/>
    <field id="defaultImageUrl" type="string" />
    <field id="defaultTextColor" type="string" />
    <field id="cursorImageUrl" type="string" />
    <field id="cursorTextColor" type="string" />
    <field id="time" type="string" />
    <field id="contentKey" type="string" />
    <field id="paidPackId" type="integer" value="-1"/>
    <field id="offsetX" type="integer" value="0"/>
    <field id="delay" type="integer" />
    <field id="width" type="integer" />
    <field id="height" type="integer" />
    <field id="data" type="assocarray" />
  </interface>

</component>
