<?xml version = "1.0" encoding = "utf-8" ?>

<component name = "AlarmsCheckBox" extends = "Group">

  <interface>

    <field id="text" type="string" alias="title.text" />
    <field id="selected" type="boolean" value="false" onChange="setSelected"/>

  </interface>

  <script type="text/brightscript" uri="AlarmsCheckBox__lib0.brs" />
  <script type="text/brightscript" uri="AlarmsCheckBoxConstants__lib0.brs" />
  <script type="text/brightscript" uri="pkg:/source/imports/Utils/Utils__lib0.brs"/>

  <children>

    <Rectangle id = "cursorRect" />
    <Poster id="stateIcon" />
    <Roboto400 id = "title" />

  </children>

</component>
