<?xml version = "1.0" encoding = "utf-8" ?>

<!--********** Copyright 2016 Roku Corp.  All Rights Reserved. **********-->

<component name = "MenuDefaultButton" extends = "BaseButtonTemplate">

  <script type="text/brightscript" uri="MenuDefaultButton__lib0.brs" />

  <children>

    <Roboto700 
      id = "category" opacity="0" color="#00BBF2"
      translation = "[ 48, 18 ]" size = "24" />

    <Group id="button">
      <Rectangle 
      id = "cursorRect" 
      color = "#EEEEEE"
      opacity = "0"
      width = "720" 
      height = "130" />

      <Poster 
      id = "cursorImage" 
      opacity = "0"
      width = "720" 
      height = "130" />

      <Poster 
      id = "icon"
      width = "48" 
      height = "48"
      translation = "[ 46, 42 ]"/>

      <Poster id="toggle" opacity="0"
      width = "48" 
      height = "48" translation="[622, 41]" uri="pkg:/images/toggle_off_24px_outlined.png"/>

      <Roboto400 
      id = "title" 
      translation = "[ 116, 48 ]" size = "30" />

      <Roboto700 
      id = "comingSoon" opacity="0" text="Coming soon..."
      translation = "[ 525, 51 ]" size = "24" color="#00BBF280"/>

      <BadgeNew id="badgeNewImage" 
      translation = "[ 564, 44 ]" opacity="0"/>

    </Group>

  </children>

</component>
