<?xml version="1.0" encoding="UTF-8"?>

<component name="ScreensaverViewController" extends="Node">

	<interface>
		<field id="view" type="node" />

		<function name="onVisibilityBack"/>
		<function name="onVisibilityLost"/>
		<function name="loadState"/>
		<function name="setArt" />
		<function name="setColor" />
		<function name="setBrightness" />
		<function name="setPosition" />
		<function name="setMovement" />
		<function name="setRotation" />
		<function name="setSmallSized" />
		<function name="setFullScreenColorState" />
		<function name="setDateTimeVisibility" />
		<function name="setDateTimePosition" />

	</interface>

	<script type="text/brightscript" uri="ScreensaverViewController__lib0.brs" />

	<script type="text/brightscript" uri="pkg:/source/LibConstants__lib0.brs" />
	<script type="text/brightscript" uri="pkg:/source/Helpers__lib0.brs" />
	<script type="text/brightscript" uri="pkg:/source/imports/Utils/Utils__lib0.brs" />
	<script type="text/brightscript" uri="pkg:/source/imports/Utils/DeviceUtils__lib0.brs" />
	<script type="text/brightscript" uri="pkg:/source/imports/Utils/RegistryUtils__lib0.brs" />
	<script type="text/brightscript" uri="pkg:/source/ScreensaverStateStorage__lib0.brs" />

</component>
