<?xml version = "1.0" encoding = "utf-8" ?>

<!--********** Copyright 2016 Roku Corp.  All Rights Reserved. **********-->

<component name = "QuestionsPage" extends = "Group">

  <interface>

    <field id="pageData" type="assocarray" onChange="setData" />
    <field id="answersCount" type="integer" />

    <function name="getAnswers" />

  </interface>

  <script type="text/brightscript" uri="QuestionsPage__lib0.brs" />

  <children>

    <Roboto700 focusable="false" id="Question" width="900" translation="[510, 0]" horizAlign="center" size="30" color="#ffffff"/>

    <MarkupList
      id = "Answers" 
      translation = "[682, 67]"
      itemSize = "[ 536, 72 ]"
      itemSpacing = "[ 0, 0 ]" 
      drawFocusFeedback = "false" 
      vertFocusAnimationStyle = "floatingFocus" />

  </children>

</component>
