<?xml version="1.0" encoding="UTF-8"?>

<component name="Screensaver" extends="BaseSceneGroup">

	<interface>
		<field id="args" type="assocarray" />
        <field id="activePurchases" type="node" />
	</interface>

	<script type="text/brightscript" uri="Screensaver__lib0.brs" />

	<script type="text/brightscript" uri="pkg:/source/LibConstants__lib0.brs" />
	<script type="text/brightscript" uri="pkg:/source/imports/Utils/Utils__lib0.brs" />
	<script type="text/brightscript" uri="pkg:/source/imports/Utils/DeviceUtils__lib0.brs" />
	<script type="text/brightscript" uri="pkg:/source/imports/Utils/RegistryUtils__lib0.brs" />
	<script type="text/brightscript" uri="pkg:/source/ScreensaverStateStorage__lib0.brs" />
	<script type="text/brightscript" uri="pkg:/source/Api__lib0.brs" />
  	<script type="text/brightscript" uri="pkg:/source/Helpers__lib0.brs" />
	<script type="text/brightscript" uri="pkg:/components/helpers/BillingHelper__lib0.brs" />
	<children>

		<ComponentLibrary id="AttriboostSDK" />
		
	</children>

</component>
