<?xml version = "1.0" encoding = "utf-8" ?>

<!--********** Copyright 2016 Roku Corp.  All Rights Reserved. **********-->

<component name = "AlarmListButton" extends = "BaseButtonTemplate">

  <script type="text/brightscript" uri="AlarmListButton__lib0.brs" />
  <script type="text/brightscript" uri="AlarmListButtonConstants__lib0.brs" />

  <children>

    <Rectangle id = "cursorRect" />
    <Roboto700 id = "snooze" />
    <Poster id="toggle" />
    <Roboto400 id = "title" />

  </children>

</component>
