<?xml version = "1.0" encoding = "utf-8" ?>

<component name = "StartUpPopup" extends = "Group">

  <children>

    <Poster uri="pkg:/images/strartup_popup_content.png" width="1530" height="860" />

    <Inter700 translation = "[ 0, 42 ]" width="1530" horizAlign="center" size = "50" color="#00BBF2" text="Amazing Night Light January Update!" />

    <Roboto400 translation = "[ 122, 192 ]" size = "48" color="#ffffff" text="1. Date and Time" />
    <Roboto400 translation = "[ 173, 250 ]" size = "36" color="#ffffff" text="a. You have the possibility to display current Date and Time at your screen" />

    <Roboto400 translation = "[ 122, 378 ]" size = "48" color="#ffffff" text="2. Alarm Clock" />
    <Roboto400 translation = "[ 173, 436 ]" size = "36" color="#ffffff" text="a. Set up the alarm clock and be sure that you won't oversleep" />

    <Roboto400 translation = "[ 122, 564 ]" size = "48" color="#ffffff" text="3. Stability fixes" />
    <Roboto400 translation = "[ 173, 622 ]" size = "36" color="#ffffff" text="a. The application is more stable than before" />

    <Poster uri="pkg:/images/strartup_popup_examle.png" translation = "[ 934, 415 ]" width="732" height="513" />
  </children>

</component>
