<?xml version = "1.0" encoding = "utf-8" ?>

<!--********** Copyright 2016 Roku Corp.  All Rights Reserved. **********-->

<component name = "VertScrollBar" extends = "Group">

  <interface>
    <function name="setProgress" />
  </interface>

  <script type="text/brightscript" uri="VertScrollBar__lib0.brs" />

  <children>
    <Poster id="Body" width = "5" height = "695" uri = "pkg:/images/vertScrollBody.png" />
    <Poster id="Slider" width = "5" height = "482" uri = "pkg:/images/vertScrollSlider.png" />
  </children>

</component>
