<?xml version="1.0" encoding="UTF-8"?>

<component name="DateTimeWidget" extends="Group">

  <interface>
    <field id = "horizAlign" type = "string" onChange = "changeHorizAlign" />
    <field id = "size" type = "string" onChange = "setFields" value = "big" />
  </interface>

  <script type="text/brightscript" uri="DateTimeWidget__lib0.brs" />
  <script type="text/brightscript" uri="DateTimeWidgetConstants__lib0.brs" />
  <script type="text/brightscript" uri="pkg:/source/imports/Utils/Utils__lib0.brs" />

  <children>

    <Rectangle id="background" />
    <Roboto300 id="timeLabel" />
    <Roboto300 id="dateLabel" />

  </children>
  
</component>
