<?xml version="1.0" encoding="UTF-8"?>

<component name="RafTask" extends="Task" >
    <interface>
        <field id="adUrl" type="string"/>
        <field id="view" type="Node"/>
        <field id="adsRetryCount" type="integer"/>
        <field id="adsRetrySleep" type="integer"/>
        <field id="adCreativeHandlerUrl" type="string"/>
        <field id="adCreativeHandlerAvailable" type="boolean"/>

        <!-- This is internal field for CM to know when task finished -->
        <field id="finished" type="bool" />
    </interface>
    <script type="text/brightscript" uri="RafTask__lib0.brs" />
    <script type="text/brightscript" uri="pkg:/source/imports/Utils/Cryptography__lib0.brs" />
    <script type="text/brightscript" uri="pkg:/source/imports/Utils/Utils__lib0.brs" />

</component>
