<?xml version = "1.0" encoding = "utf-8" ?>

<!--********** Copyright 2016 Roku Corp.  All Rights Reserved. **********-->

<component name = "DropdownRadioButton" extends = "BaseButtonTemplate">

  <script type="text/brightscript" uri="DropdownRadioButton__lib0.brs" />

  <children>

    <Roboto700 
      id = "category" opacity="0" color="#00BBF2"
      translation = "[ 48, 18 ]" size = "24" />

    <Group id="button">
      <Rectangle 
      id = "cursorRect" 
      color = "#EEEEEE"
      opacity = "0"
      width = "720" 
      height = "74" />

      <Group id="offsetGroup">
        <Poster 
      id = "icon" uri="pkg:/images/radio_button_unchecked_24px_outlined.png"
      width = "48" 
      height = "48"
      translation = "[ 46, 13 ]"/>

        <Poster 
      id = "dropdownIcon" uri="pkg:/images/dropdown.png"
      width = "14" 
      height = "18"
      scaleRotateCenter = "[ 7, 9 ]"
      translation = "[ 67, 30 ]"/>

        <Roboto400 
      id = "title" 
      translation = "[ 120, 20 ]" size = "30" />

        <Poster 
      id = "paidIcon" uri="pkg:/images/paid_icon.png"
      width = "24" 
      height = "24"
      translation = "[ 630, 27 ]"/>

        <BadgeSale 
      id = "saleIcon"
      translation = "[ 495, 16 ]"/>
      </Group>
    </Group>

  </children>

</component>
