<?xml version = "1.0" encoding = "utf-8" ?>

<component name = "TwoStatesButton" extends = "Group">

  <interface>

    <field id="defaultImageUrl" type="string" alias="defaultImage.uri" />
    <field id="cursorImageUrl" type="string" alias="cursorImage.uri" />

  </interface>

  <script type="text/brightscript" uri="TwoStatesButton__lib0.brs" />
  <script type="text/brightscript" uri="TwoStatesButtonConstants__lib0.brs" />
  <script type="text/brightscript" uri="pkg:/source/imports/Utils/Utils__lib0.brs"/>

  <children>

    <Poster id = "defaultImage" />
    <Poster id = "cursorImage" />

  </children>

</component>
